{ "_id" : "01001", "city" : "AGAWAM", "loc" : [ -72.622739, 42.070206 ], "pop" : 15338, "state" : "MA" }
{ "_id" : "01002", "city" : "CUSHMAN", "loc" : [ -72.51564999999999, 42.377017 ], "pop" : 36963, "state" : "MA" }
{ "_id" : "01005", "city" : "BARRE", "loc" : [ -72.10835400000001, 42.409698 ], "pop" : 4546, "state" : "MA" }
{ "_id" : "01007", "city" : "BELCHERTOWN", "loc" : [ -72.41095300000001, 42.275103 ], "pop" : 10579, "state" : "MA" }
{ "_id" : "01008", "city" : "BLANDFORD", "loc" : [ -72.936114, 42.182949 ], "pop" : 1240, "state" : "MA" }
{ "_id" : "01010", "city" : "BRIMFIELD", "loc" : [ -72.188455, 42.116543 ], "pop" : 3706, "state" : "MA" }
{ "_id" : "01011", "city" : "CHESTER", "loc" : [ -72.988761, 42.279421 ], "pop" : 1688, "state" : "MA" }
{ "_id" : "01012", "city" : "CHESTERFIELD", "loc" : [ -72.833309, 42.38167 ], "pop" : 177, "state" : "MA" }
{ "_id" : "01013", "city" : "CHICOPEE", "loc" : [ -72.607962, 42.162046 ], "pop" : 23396, "state" : "MA" }
{ "_id" : "01020", "city" : "CHICOPEE", "loc" : [ -72.576142, 42.176443 ], "pop" : 31495, "state" : "MA" }
{ "_id" : "01022", "city" : "WESTOVER AFB", "loc" : [ -72.558657, 42.196672 ], "pop" : 1764, "state" : "MA" }
{ "_id" : "01026", "city" : "CUMMINGTON", "loc" : [ -72.905767, 42.435296 ], "pop" : 1484, "state" : "MA" }
{ "_id" : "01027", "city" : "MOUNT TOM", "loc" : [ -72.67992099999999, 42.264319 ], "pop" : 16864, "state" : "MA" }
{ "_id" : "01028", "city" : "EAST LONGMEADOW", "loc" : [ -72.505565, 42.067203 ], "pop" : 13367, "state" : "MA" }
{ "_id" : "01030", "city" : "FEEDING HILLS", "loc" : [ -72.675077, 42.07182 ], "pop" : 11985, "state" : "MA" }
{ "_id" : "01031", "city" : "GILBERTVILLE", "loc" : [ -72.19858499999999, 42.332194 ], "pop" : 2385, "state" : "MA" }
{ "_id" : "01032", "city" : "GOSHEN", "loc" : [ -72.844092, 42.466234 ], "pop" : 122, "state" : "MA" }
{ "_id" : "01033", "city" : "GRANBY", "loc" : [ -72.52000099999999, 42.255704 ], "pop" : 5526, "state" : "MA" }
{ "_id" : "01034", "city" : "TOLLAND", "loc" : [ -72.908793, 42.070234 ], "pop" : 1652, "state" : "MA" }
{ "_id" : "01035", "city" : "HADLEY", "loc" : [ -72.571499, 42.36062 ], "pop" : 4231, "state" : "MA" }
